Tiempo_total_s,Tiempo_promedio_s
20.456295251846313,8.814557103271505e-05
