Tiempo_total_s,Tiempo_promedio_s
15.815469026565552,6.814838812863807e-05
